{
  "ents_f": 86.6151902288,
  "ents_p": 87.0330662453,
  "ents_r": 86.201307774,
  "las": 90.0708944051,
  "tags_acc": 96.9752122522,
  "token_acc": 99.0697323163,
  "uas": 91.8341156477
}