{
  "ents_f": 86.5604666816,
  "ents_p": 86.8772166864,
  "ents_r": 86.2460179959,
  "las": 89.9815852978,
  "tags_acc": 96.9231617736,
  "token_acc": 99.0697323163,
  "uas": 91.7829981935
}